Model,MAE,RMSE,MAPE%,R²
LightGBM,97.79485106739948,125.99808698011356,6.837837634885006,0.3487806628432786
ARIMA,119.21762278030175,160.74653368269227,8.252979812302485,-0.05994326234303582
Baseline (MA7),117.38657505063816,159.022783666623,8.166556066691959,-0.03733274713829271
